{
  "group": "",
  "location": {
    "world": "worlds/jozsoworld",
    "x": -247.0973253074202,
    "y": 67.0,
    "z": 306.3747996561396,
    "yaw": 122.40001,
    "pitch": 10.049986
  },
  "operator": true,
  "can-fly": false,
  "walk-speed": 0.2,
  "fly-speed": 0.1
}